100013,graphql
100711,graphql
100903,graphql
101001,graphql
101306,graphql
102203,graphql
102610,graphql
103003,graphql
104109,graphql
104407,graphql
104801,graphql
10505,graphql
105215,graphql
106107,graphql
106202,graphql
106510,graphql
106605,graphql
107114,graphql
107213,graphql
107507,graphql
107816,graphql
108008,graphql
108708,graphql
109002,graphql
109506,graphql
109713,graphql
109914,graphql
1104,graphql
111001,graphql
11114,graphql
111807,graphql
111908,graphql
112014,graphql
112101,graphql
112214,graphql
113016,graphql
113113,graphql
113204,graphql
113411,graphql
113714,graphql
114010,graphql
11406,graphql
114106,graphql
114214,graphql
114413,graphql
114512,graphql
115010,graphql
115511,graphql
115716,graphql
115809,graphql
116208,graphql
116504,graphql
116607,graphql
116702,graphql
11706,graphql
117515,graphql
118001,graphql
118309,graphql
118509,graphql
119913,graphql
120101,graphql
120414,graphql
120816,graphql
120907,graphql
121116,graphql
12210,graphql
122511,graphql
122613,graphql
122712,graphql
122905,graphql
124203,graphql
124415,graphql
124609,graphql
125110,graphql
125215,graphql
125412,graphql
125906,graphql
126408,graphql
127702,graphql
128016,graphql
12803,graphql
128114,graphql
128311,graphql
128410,graphql
128502,graphql
128908,graphql
129012,graphql
13007,graphql
130413,graphql
130609,graphql
130805,graphql
131213,graphql
131314,graphql
131802,graphql
131903,graphql
134010,graphql
134413,graphql
136008,graphql
136211,graphql
136506,graphql
136813,graphql
137212,graphql
138204,graphql
138413,graphql
138607,graphql
13915,graphql
139712,graphql
140205,graphql
140316,graphql
140510,graphql
140916,graphql
14115,graphql
141211,graphql
142606,graphql
143204,graphql
143603,graphql
144204,graphql
144406,graphql
144705,graphql
145103,graphql
14511,graphql
145801,graphql
146401,graphql
14704,graphql
147614,graphql
147715,graphql
149111,graphql
149612,graphql
150012,graphql
150809,graphql
151112,graphql
151214,graphql
151304,graphql
151402,graphql
151516,graphql
152503,graphql
153006,graphql
153106,graphql
154713,graphql
15508,graphql
155404,graphql
155507,graphql
155916,graphql
156613,graphql
156712,graphql
157610,graphql
157904,graphql
158216,graphql
159008,graphql
159111,graphql
159207,graphql
159301,graphql
159413,graphql
160312,graphql
1610,graphql
161109,graphql
161811,graphql
163107,graphql
163809,graphql
164203,graphql
164815,graphql
165016,graphql
165409,graphql
165508,graphql
166103,graphql
166507,graphql
167816,graphql
167909,graphql
168603,graphql
169413,graphql
169506,graphql
170416,graphql
170506,graphql
170906,graphql
17112,graphql
171408,graphql
17315,graphql
17403,graphql
174201,graphql
174412,graphql
175309,graphql
175411,graphql
175610,graphql
175714,graphql
17615,graphql
176215,graphql
176305,graphql
176415,graphql
176805,graphql
176916,graphql
177006,graphql
17712,graphql
177504,graphql
177715,graphql
178009,graphql
17814,graphql
178405,graphql
179103,graphql
179506,graphql
179711,graphql
18016,graphql
180607,graphql
181003,graphql
18111,graphql
181306,graphql
181715,graphql
182007,graphql
182709,graphql
183602,graphql
184016,graphql
185112,graphql
185812,graphql
186102,graphql
18615,graphql
186212,graphql
186604,graphql
187009,graphql
187101,graphql
187411,graphql
188514,graphql
188815,graphql
18914,graphql
189915,graphql
190602,graphql
191107,graphql
191807,graphql
192710,graphql
192809,graphql
193306,graphql
19407,graphql
194807,graphql
195011,graphql
195103,graphql
195207,graphql
196601,graphql
196909,graphql
197103,graphql
197910,graphql
198209,graphql
198304,graphql
198615,graphql
198704,graphql
19905,graphql
199110,graphql
199609,graphql
199804,graphql
199901,graphql
20011,graphql
200704,graphql
200813,graphql
201002,graphql
201511,graphql
201810,graphql
20210,graphql
202601,graphql
203315,graphql
203502,graphql
203714,graphql
203902,graphql
204006,graphql
20408,graphql
205312,graphql
206912,graphql
207908,graphql
208909,graphql
20901,graphql
209116,graphql
209810,graphql
209905,graphql
21016,graphql
210710,graphql
211910,graphql
21209,graphql
213902,graphql
21405,graphql
214208,graphql
214801,graphql
21515,graphql
215913,graphql
217501,graphql
217712,graphql
218816,graphql
219003,graphql
219201,graphql
221103,graphql
22115,graphql
221213,graphql
221406,graphql
222510,graphql
222904,graphql
223303,graphql
224111,graphql
22511,graphql
225115,graphql
225402,graphql
225802,graphql
226402,graphql
226611,graphql
227011,graphql
227411,graphql
228111,graphql
228713,graphql
229212,graphql
229402,graphql
229912,graphql
230003,graphql
23002,graphql
230212,graphql
230815,graphql
231101,graphql
231412,graphql
231804,graphql
23205,graphql
232807,graphql
234301,graphql
234710,graphql
23513,graphql
236608,graphql
237512,graphql
238703,graphql
239511,graphql
239715,graphql
240715,graphql
240809,graphql
241314,graphql
241911,graphql
242015,graphql
24216,graphql
243302,graphql
243705,graphql
243807,graphql
244308,graphql
244908,graphql
245610,graphql
24604,graphql
246301,graphql
246515,graphql
246816,graphql
247107,graphql
247307,graphql
247610,graphql
247914,graphql
248203,graphql
249804,graphql
250011,graphql
250201,graphql
250509,graphql
251908,graphql
252003,graphql
252510,graphql
252712,graphql
252913,graphql
254003,graphql
255201,graphql
256109,graphql
257211,graphql
257413,graphql
257908,graphql
259110,graphql
259307,graphql
259908,graphql
260803,graphql
260903,graphql
261005,graphql
261205,graphql
262304,graphql
262913,graphql
263401,graphql
263602,graphql
26402,graphql
264310,graphql
265510,graphql
266407,graphql
26707,graphql
268009,graphql
269413,graphql
269612,graphql
270109,graphql
2707,graphql
271009,graphql
271404,graphql
272613,graphql
272808,graphql
272904,graphql
273316,graphql
273704,graphql
274407,graphql
275107,graphql
275307,graphql
275803,graphql
275908,graphql
276613,graphql
276714,graphql
277407,graphql
277504,graphql
277602,graphql
278708,graphql
278906,graphql
279702,graphql
281007,graphql
281213,graphql
281609,graphql
281802,graphql
283107,graphql
28314,graphql
283308,graphql
284109,graphql
284201,graphql
284507,graphql
284703,graphql
284805,graphql
285602,graphql
285805,graphql
286711,graphql
286913,graphql
288305,graphql
288516,graphql
288609,graphql
288911,graphql
290101,graphql
29014,graphql
290203,graphql
290608,graphql
290714,graphql
290812,graphql
290905,graphql
291514,graphql
291904,graphql
292313,graphql
292813,graphql
293404,graphql
293908,graphql
294306,graphql
294604,graphql
294914,graphql
296413,graphql
296603,graphql
296801,graphql
296901,graphql
297511,graphql
298403,graphql
299514,graphql
300404,graphql
301202,graphql
302002,graphql
302301,graphql
303009,graphql
30314,graphql
303204,graphql
303415,graphql
303815,graphql
303911,graphql
304115,graphql
304914,graphql
306116,graphql
306214,graphql
306503,graphql
307308,graphql
308102,graphql
308610,graphql
308915,graphql
309507,graphql
309909,graphql
310803,graphql
312316,graphql
312415,graphql
312908,graphql
314102,graphql
314409,graphql
314916,graphql
315007,graphql
315702,graphql
316111,graphql
31614,graphql
316709,graphql
316803,graphql
317116,graphql
317303,graphql
317414,graphql
317808,graphql
317910,graphql
318104,graphql
318313,graphql
318908,graphql
319416,graphql
320206,graphql
320302,graphql
321011,graphql
32105,graphql
321105,graphql
32202,graphql
322312,graphql
32314,graphql
323803,graphql
323916,graphql
324005,graphql
324107,graphql
324205,graphql
324311,graphql
325505,graphql
326416,graphql
332109,graphql
332512,graphql
332607,graphql
332910,graphql
333007,graphql
333116,graphql
333209,graphql
334411,graphql
334509,graphql
336401,graphql
336608,graphql
336915,graphql
337008,graphql
33708,graphql
337713,graphql
338204,graphql
338416,graphql
338601,graphql
338906,graphql
339208,graphql
339706,graphql
3403,graphql
340704,graphql
341004,graphql
341401,graphql
341713,graphql
34201,graphql
343605,graphql
343805,graphql
344113,graphql
344503,graphql
344712,graphql
345401,graphql
345905,graphql
346005,graphql
347002,graphql
347101,graphql
347704,graphql
34807,graphql
349215,graphql
349508,graphql
349706,graphql
349907,graphql
350105,graphql
350208,graphql
3507,graphql
350802,graphql
35105,graphql
351105,graphql
351706,graphql
352205,graphql
352313,graphql
352902,graphql
353314,graphql
354102,graphql
354502,graphql
354603,graphql
354809,graphql
35516,graphql
355611,graphql
355706,graphql
35610,graphql
356305,graphql
356507,graphql
356615,graphql
357013,graphql
357607,graphql
357908,graphql
35802,graphql
358210,graphql
358808,graphql
359202,graphql
359615,graphql
3603,graphql
360704,graphql
361311,graphql
362014,graphql
362611,graphql
362716,graphql
363905,graphql
364615,graphql
364714,graphql
365215,graphql
365406,graphql
366014,graphql
366104,graphql
366306,graphql
366602,graphql
367001,graphql
367104,graphql
36712,graphql
367616,graphql
368316,graphql
369010,graphql
369112,graphql
37006,graphql
3701,graphql
370104,graphql
370305,graphql
370608,graphql
370906,graphql
371315,graphql
371512,graphql
371616,graphql
371904,graphql
372002,graphql
37310,graphql
373601,graphql
375504,graphql
376104,graphql
376403,graphql
377107,graphql
377214,graphql
377305,graphql
377410,graphql
377608,graphql
377707,graphql
378216,graphql
378502,graphql
379214,graphql
379410,graphql
379610,graphql
380910,graphql
38116,graphql
3814,graphql
381708,graphql
382202,graphql
382501,graphql
382606,graphql
382709,graphql
383105,graphql
383213,graphql
383814,graphql
385104,graphql
387410,graphql
387813,graphql
388809,graphql
389007,graphql
389302,graphql
389707,graphql
389807,graphql
390410,graphql
390811,graphql
39204,graphql
392613,graphql
39310,graphql
393207,graphql
393602,graphql
394515,graphql
394816,graphql
395214,graphql
395609,graphql
395801,graphql
395914,graphql
396115,graphql
396215,graphql
396312,graphql
396406,graphql
396703,graphql
397011,graphql
39711,graphql
397612,graphql
397903,graphql
398413,graphql
399902,graphql
40004,graphql
400116,graphql
400215,graphql
400706,graphql
401203,graphql
401316,graphql
401816,graphql
403403,graphql
404701,graphql
405206,graphql
405415,graphql
405602,graphql
406111,graphql
406809,graphql
407113,graphql
407302,graphql
407903,graphql
408015,graphql
40808,graphql
408916,graphql
40903,graphql
409305,graphql
409715,graphql
409904,graphql
410005,graphql
410502,graphql
410813,graphql
411112,graphql
411303,graphql
411616,graphql
411703,graphql
411916,graphql
41207,graphql
412706,graphql
414906,graphql
41510,graphql
415210,graphql
415405,graphql
416707,graphql
417404,graphql
417609,graphql
418003,graphql
418802,graphql
419411,graphql
419904,graphql
420013,graphql
420711,graphql
420815,graphql
422503,graphql
422609,graphql
423310,graphql
423714,graphql
42404,graphql
424802,graphql
425010,graphql
426104,graphql
426216,graphql
427005,graphql
427306,graphql
427609,graphql
427903,graphql
428112,graphql
428212,graphql
428616,graphql
428708,graphql
429207,graphql
429312,graphql
429909,graphql
430007,graphql
430116,graphql
431306,graphql
431405,graphql
432008,graphql
432914,graphql
433808,graphql
434801,graphql
435406,graphql
435815,graphql
436615,graphql
436716,graphql
437310,graphql
437502,graphql
438713,graphql
439310,graphql
439501,graphql
4401,graphql
440809,graphql
441013,graphql
441411,graphql
441703,graphql
441908,graphql
442812,graphql
443216,graphql
443406,graphql
443503,graphql
444001,graphql
444308,graphql
444615,graphql
444708,graphql
44508,graphql
445308,graphql
44609,graphql
446904,graphql
447601,graphql
448202,graphql
448410,graphql
448510,graphql
449204,graphql
451810,graphql
452307,graphql
453201,graphql
453504,graphql
453604,graphql
453802,graphql
454113,graphql
454812,graphql
455006,graphql
45502,graphql
455108,graphql
455612,graphql
457807,graphql
458908,graphql
459015,graphql
45914,graphql
459709,graphql
460011,graphql
460502,graphql
460711,graphql
461003,graphql
461205,graphql
462114,graphql
462916,graphql
463102,graphql
463405,graphql
464205,graphql
464505,graphql
464714,graphql
464916,graphql
466105,graphql
466811,graphql
467202,graphql
467310,graphql
468206,graphql
468404,graphql
469006,graphql
469406,graphql
470713,graphql
471016,graphql
47104,graphql
471808,graphql
472305,graphql
473614,graphql
474102,graphql
474604,graphql
474910,graphql
475303,graphql
47606,graphql
476507,graphql
477706,graphql
478114,graphql
478210,graphql
478415,graphql
478509,graphql
479305,graphql
479409,graphql
480315,graphql
480915,graphql
481809,graphql
481904,graphql
48313,graphql
483202,graphql
483812,graphql
484006,graphql
484213,graphql
485105,graphql
486414,graphql
486714,graphql
486809,graphql
487702,graphql
487801,graphql
488109,graphql
490108,graphql
4905,graphql
49116,graphql
491809,graphql
492308,graphql
492908,graphql
494012,graphql
496311,graphql
496613,graphql
497108,graphql
497503,graphql
498208,graphql
498407,graphql
50006,graphql
500615,graphql
500802,graphql
500904,graphql
504506,graphql
504705,graphql
50506,graphql
505804,graphql
506707,graphql
507015,graphql
507808,graphql
508312,graphql
50911,graphql
509310,graphql
509705,graphql
509914,graphql
510212,graphql
510701,graphql
510805,graphql
511010,graphql
511211,graphql
511309,graphql
51205,graphql
512107,graphql
512812,graphql
51302,graphql
513908,graphql
514203,graphql
514906,graphql
515414,graphql
516606,graphql
51708,graphql
517711,graphql
518503,graphql
519707,graphql
52013,graphql
520216,graphql
521316,graphql
52206,graphql
522507,graphql
522705,graphql
522803,graphql
523804,graphql
524907,graphql
525605,graphql
525802,graphql
527413,graphql
528304,graphql
528414,graphql
528508,graphql
528606,graphql
52912,graphql
529814,graphql
530008,graphql
530103,graphql
530204,graphql
530605,graphql
5308,graphql
530801,graphql
531012,graphql
531104,graphql
531604,graphql
532608,graphql
533703,graphql
536801,graphql
536904,graphql
539007,graphql
539106,graphql
540104,graphql
540511,graphql
541002,graphql
541413,graphql
541503,graphql
542905,graphql
543204,graphql
544416,graphql
545106,graphql
54515,graphql
545606,graphql
545703,graphql
54613,graphql
546816,graphql
547512,graphql
547601,graphql
547715,graphql
549216,graphql
55004,graphql
550102,graphql
550213,graphql
550512,graphql
550601,graphql
550709,graphql
552607,graphql
553607,graphql
554115,graphql
554906,graphql
555301,graphql
555410,graphql
555514,graphql
555803,graphql
558015,graphql
558409,graphql
559111,graphql
55915,graphql
559411,graphql
560511,graphql
561106,graphql
561810,graphql
562108,graphql
562604,graphql
562708,graphql
562813,graphql
563407,graphql
563915,graphql
564104,graphql
564211,graphql
564915,graphql
565405,graphql
565508,graphql
565812,graphql
567008,graphql
567516,graphql
567902,graphql
568103,graphql
568509,graphql
568707,graphql
569607,graphql
570814,graphql
570909,graphql
571001,graphql
571609,graphql
571915,graphql
57304,graphql
573409,graphql
573509,graphql
574016,graphql
574315,graphql
574816,graphql
575515,graphql
576101,graphql
577414,graphql
578204,graphql
578611,graphql
578914,graphql
580416,graphql
580508,graphql
5815,graphql
581601,graphql
58212,graphql
582705,graphql
582811,graphql
58306,graphql
583611,graphql
583711,graphql
584013,graphql
584410,graphql
584611,graphql
585008,graphql
585506,graphql
585705,graphql
585916,graphql
586306,graphql
586812,graphql
587201,graphql
587507,graphql
588209,graphql
589002,graphql
59013,graphql
5914,graphql
592005,graphql
59216,graphql
592810,graphql
594502,graphql
595306,graphql
59612,graphql
598103,graphql
599412,graphql
600315,graphql
600716,graphql
600814,graphql
601005,graphql
601206,graphql
601616,graphql
601707,graphql
601806,graphql
602903,graphql
603014,graphql
603107,graphql
604107,graphql
605311,graphql
605401,graphql
605611,graphql
605807,graphql
605912,graphql
60603,graphql
606207,graphql
607107,graphql
608307,graphql
610406,graphql
610712,graphql
610909,graphql
612314,graphql
613001,graphql
613904,graphql
61514,graphql
615703,graphql
61607,graphql
616305,graphql
616406,graphql
617213,graphql
61807,graphql
621007,graphql
621105,graphql
621405,graphql
62213,graphql
622310,graphql
623207,graphql
623813,graphql
624509,graphql
625306,graphql
625703,graphql
63002,graphql
630415,graphql
630508,graphql
631213,graphql
631509,graphql
632505,graphql
633512,graphql
634013,graphql
634102,graphql
634316,graphql
634413,graphql
634816,graphql
636002,graphql
636215,graphql
636912,graphql
637206,graphql
637407,graphql
637606,graphql
637905,graphql
639702,graphql
639802,graphql
640111,graphql
640305,graphql
640602,graphql
64104,graphql
642608,graphql
64314,graphql
643212,graphql
643410,graphql
643701,graphql
643905,graphql
645116,graphql
645314,graphql
646415,graphql
646505,graphql
647413,graphql
648902,graphql
649207,graphql
650416,graphql
650804,graphql
651001,graphql
651216,graphql
652609,graphql
653406,graphql
653609,graphql
653805,graphql
654511,graphql
65505,graphql
656905,graphql
657211,graphql
657308,graphql
657509,graphql
657716,graphql
657914,graphql
658013,graphql
65809,graphql
658110,graphql
659606,graphql
660206,graphql
660811,graphql
6612,graphql
661415,graphql
661502,graphql
662115,graphql
662702,graphql
662910,graphql
663206,graphql
66405,graphql
664503,graphql
665309,graphql
667313,graphql
667404,graphql
668003,graphql
66803,graphql
668314,graphql
668502,graphql
668812,graphql
67016,graphql
670409,graphql
670713,graphql
671003,graphql
67116,graphql
671415,graphql
671609,graphql
672615,graphql
673014,graphql
67308,graphql
674515,graphql
674702,graphql
674908,graphql
675009,graphql
675801,graphql
676513,graphql
676610,graphql
677002,graphql
677602,graphql
67815,graphql
678404,graphql
678708,graphql
679108,graphql
679501,graphql
681411,graphql
681809,graphql
681912,graphql
682508,graphql
682912,graphql
683503,graphql
683706,graphql
684215,graphql
685716,graphql
686813,graphql
687201,graphql
688409,graphql
689408,graphql
690810,graphql
691207,graphql
691310,graphql
692003,graphql
692316,graphql
692603,graphql
692814,graphql
693108,graphql
693505,graphql
694111,graphql
694206,graphql
69601,graphql
696914,graphql
697603,graphql
698715,graphql
699508,graphql
699606,graphql
699804,graphql
70013,graphql
701012,graphql
701914,graphql
702803,graphql
703113,graphql
703211,graphql
70407,graphql
705006,graphql
707606,graphql
708113,graphql
708401,graphql
709115,graphql
709216,graphql
709616,graphql
709910,graphql
7109,graphql
710915,graphql
711213,graphql
711312,graphql
711516,graphql
71201,graphql
712705,graphql
713406,graphql
714410,graphql
715412,graphql
715701,graphql
715804,graphql
715910,graphql
716509,graphql
716613,graphql
717008,graphql
717214,graphql
717909,graphql
718714,graphql
718812,graphql
718904,graphql
719212,graphql
720010,graphql
720809,graphql
721410,graphql
721901,graphql
722804,graphql
723209,graphql
723802,graphql
725414,graphql
725506,graphql
725703,graphql
726412,graphql
727108,graphql
727805,graphql
728402,graphql
7302,graphql
730904,graphql
731908,graphql
732008,graphql
73203,graphql
732106,graphql
732407,graphql
732802,graphql
733006,graphql
733203,graphql
733413,graphql
733505,graphql
733816,graphql
735903,graphql
736109,graphql
736504,graphql
737016,graphql
73807,graphql
738512,graphql
738801,graphql
740316,graphql
740515,graphql
740914,graphql
741102,graphql
741407,graphql
742702,graphql
742810,graphql
743512,graphql
746005,graphql
747414,graphql
748215,graphql
749804,graphql
750405,graphql
751006,graphql
751705,graphql
751809,graphql
752301,graphql
752711,graphql
755709,graphql
756214,graphql
756710,graphql
757310,graphql
757814,graphql
758614,graphql
758714,graphql
760608,graphql
760809,graphql
760911,graphql
762703,graphql
76305,graphql
763309,graphql
764110,graphql
765212,graphql
765512,graphql
765915,graphql
766309,graphql
767114,graphql
767413,graphql
769003,graphql
76914,graphql
770712,graphql
772414,graphql
772712,graphql
773313,graphql
773612,graphql
774013,graphql
774408,graphql
775204,graphql
776013,graphql
776206,graphql
777615,graphql
777904,graphql
778407,graphql
77907,graphql
780010,graphql
780511,graphql
7806,graphql
780811,graphql
781415,graphql
781606,graphql
781901,graphql
78309,graphql
783109,graphql
783911,graphql
784211,graphql
784506,graphql
785202,graphql
785601,graphql
785714,graphql
786108,graphql
786801,graphql
788605,graphql
788703,graphql
789912,graphql
7903,graphql
791010,graphql
791106,graphql
791715,graphql
792108,graphql
792311,graphql
793012,graphql
793111,graphql
793216,graphql
794307,graphql
794515,graphql
794813,graphql
795401,graphql
796804,graphql
79716,graphql
797216,graphql
797314,graphql
797408,graphql
797702,graphql
797906,graphql
798505,graphql
798813,graphql
801411,graphql
802009,graphql
80206,graphql
802310,graphql
802801,graphql
803009,graphql
80309,graphql
803108,graphql
803707,graphql
803902,graphql
804002,graphql
804101,graphql
804212,graphql
804406,graphql
80611,graphql
806410,graphql
806511,graphql
806603,graphql
807001,graphql
807616,graphql
809713,graphql
810202,graphql
810612,graphql
810813,graphql
812212,graphql
812513,graphql
812614,graphql
813008,graphql
81308,graphql
814414,graphql
815504,graphql
816108,graphql
81704,graphql
81812,graphql
819804,graphql
819905,graphql
8201,graphql
820104,graphql
821003,graphql
821206,graphql
821516,graphql
821601,graphql
821810,graphql
822109,graphql
822608,graphql
823112,graphql
823709,graphql
824109,graphql
824404,graphql
82504,graphql
825410,graphql
82605,graphql
826214,graphql
82707,graphql
827709,graphql
828409,graphql
829102,graphql
829915,graphql
830805,graphql
831110,graphql
83214,graphql
832306,graphql
832410,graphql
832610,graphql
833110,graphql
833605,graphql
833909,graphql
834705,graphql
834915,graphql
836410,graphql
837708,graphql
838116,graphql
838207,graphql
839607,graphql
840212,graphql
840307,graphql
840810,graphql
84111,graphql
841611,graphql
842110,graphql
84212,graphql
842202,graphql
843515,graphql
844807,graphql
84510,graphql
845612,graphql
846311,graphql
846511,graphql
846913,graphql
84708,graphql
847814,graphql
847903,graphql
84814,graphql
849110,graphql
849811,graphql
850701,graphql
851006,graphql
851105,graphql
851303,graphql
85211,graphql
853207,graphql
854105,graphql
854901,graphql
855203,graphql
856703,graphql
857504,graphql
858713,graphql
858813,graphql
860316,graphql
86306,graphql
863804,graphql
863905,graphql
864102,graphql
864203,graphql
864912,graphql
865914,graphql
867505,graphql
867916,graphql
868212,graphql
8703,graphql
870613,graphql
871005,graphql
871301,graphql
873302,graphql
873603,graphql
874201,graphql
874715,graphql
875316,graphql
876304,graphql
876416,graphql
876603,graphql
877301,graphql
877505,graphql
878601,graphql
879515,graphql
8811,graphql
881615,graphql
883010,graphql
88407,graphql
884116,graphql
88504,graphql
885813,graphql
887904,graphql
889503,graphql
8905,graphql
89607,graphql
897711,graphql
898016,graphql
898614,graphql
900910,graphql
902014,graphql
90208,graphql
903615,graphql
906112,graphql
906211,graphql
90701,graphql
907715,graphql
908902,graphql
909415,graphql
910615,graphql
911514,graphql
913211,graphql
913413,graphql
914801,graphql
91512,graphql
917213,graphql
917513,graphql
918312,graphql
918915,graphql
91910,graphql
919101,graphql
92216,graphql
922614,graphql
923501,graphql
925413,graphql
926014,graphql
926211,graphql
927413,graphql
928414,graphql
929810,graphql
930010,graphql
930411,graphql
9314,graphql
93205,graphql
932612,graphql
933511,graphql
934013,graphql
93508,graphql
935610,graphql
939511,graphql
941212,graphql
94209,graphql
942113,graphql
94516,graphql
945613,graphql
947401,graphql
948412,graphql
949212,graphql
949312,graphql
952711,graphql
959312,graphql
96106,graphql
962911,graphql
964211,graphql
9702,graphql
971501,graphql
97201,graphql
973501,graphql
975310,graphql
976210,graphql
977401,graphql
98006,graphql
981501,graphql
981601,graphql
98316,graphql
984810,graphql
98704,graphql
9915,graphql
993701,graphql
995801,graphql
queryInstances,txt
